Name, Date, Time
Umair," 17:40""S"
UMAIR TEST, 17:43:27
UMAIR MAIN (1), 17:43:28

UMAIR,2024-05-19,01:15:20
PROFESSIONAL,2024-05-19,12:10:44
HAHA_4,2024-05-19,22:39:14
HAHA_1,2024-05-19,22:39:14
HAHA_3,2024-05-19,22:39:17
UMAIR_1,2024-05-20,18:03:22
UMAIR_2,2024-05-20,18:06:16
UMAIR-CS25_0,2024-05-20,18:38:22
UMAIR-CS25_1,2024-05-20,18:38:22
UMAIR-CS25_3,2024-05-20,20:18:58
UMAIR_CS25,2024-05-20,21:59:31
.JPG,2024-05-21,09:38:55
3 DUDES,2024-05-21,11:30:51
BAKER_CS15,2024-05-21,11:32:47
SIR GHAZANFAR,2024-05-21,11:46:51
